{"validation/wll":0.6475747211292291,"validation/competition_score":0.4781433275782607,"_wandb":{"runtime":79},"_runtime":79,"validation/best_iteration":297,"_timestamp":1.7583025686243756e+09,"_step":0,"validation/ap":0.6038613762857505}