{"_runtime":152,"validation/ap":0.6038613762857505,"validation/wll":0.6475747211292291,"validation/competition_score":0.4781433275782607,"validation/best_iteration":297,"_timestamp":1.7583028742309008e+09,"_step":0,"_wandb":{"runtime":152}}