{"validation/best_iteration":388,"_timestamp":1.758305093248513e+09,"_step":0,"_wandb":{"runtime":101},"_runtime":101,"validation/ap":0.6041531221043195,"validation/wll":0.6472787082515803,"validation/competition_score":0.4784372069263696}